Tstart (s),Counts/s,Cumulative Sum
-19.8967415389247,4687.5,4687.5
-19.832737473509052,4625.0,9312.5
-19.768733408093404,4171.875,13484.375
-19.70472934267776,4171.875,17656.25
-19.64072527726211,4515.625,22171.875
-19.57672121184646,4250.0,26421.875
-19.512717146430816,4703.125,31125.0
-19.44871308101517,4062.5,35187.5
-19.384709015599523,4281.25,39468.75
-19.320704950183874,4515.625,43984.375
-19.25670088476823,4203.125,48187.5
-19.19269681935258,4453.125,52640.625
-19.12869275393693,4515.625,57156.25
-19.064688688521287,4125.0,61281.25
-19.000684623105638,4812.5,66093.75
-18.93668055768999,4156.25,70250.0
-18.872676492274344,4484.375,74734.375
-18.808672426858696,4343.75,79078.125
-18.74466836144305,4421.875,83500.0
-18.680664296027402,4078.125,87578.125
-18.616660230611757,4203.125,91781.25
-18.552656165196108,4031.25,95812.5
-18.48865209978046,4281.25,100093.75
-18.424648034364814,4437.5,104531.25
-18.360643968949166,4015.625,108546.875
-18.296639903533517,4406.25,112953.125
-18.232635838117872,4625.0,117578.125
-18.168631772702224,4437.5,122015.625
-18.104627707286575,4109.375,126125.0
-18.04062364187093,4359.375,130484.375
-17.976619576455285,4109.375,134593.75
-17.912615511039636,4125.0,138718.75
-17.848611445623987,3968.75,142687.5
-17.784607380208342,4250.0,146937.5
-17.720603314792694,4578.125,151515.625
-17.656599249377045,4109.375,155625.0
-17.5925951839614,4421.875,160046.875
-17.52859111854575,4265.625,164312.5
-17.464587053130103,4406.25,168718.75
-17.400582987714458,4359.375,173078.125
-17.336578922298813,4437.5,177515.625
-17.27257485688316,4406.25,181921.875
-17.208570791467515,4328.125,186250.0
-17.14456672605187,4125.0,190375.0
-17.08056266063622,4625.0,195000.0
-17.016558595220573,4000.0,199000.0
-16.952554529804928,4453.125,203453.125
-16.88855046438928,3875.0,207328.125
-16.82454639897363,3843.75,211171.875
-16.760542333557986,4359.375,215531.25
-16.696538268142337,4328.125,219859.375
-16.63253420272669,3625.0,223484.375
-16.568530137311043,3968.75,227453.125
-16.5045260718954,4343.75,231796.875
-16.44052200647975,3937.5,235734.375
-16.3765179410641,4250.0,239984.375
-16.312513875648456,4843.75,244828.125
-16.248509810232807,4406.25,249234.375
-16.18450574481716,4453.125,253687.5
-16.120501679401514,4421.875,258109.375
-16.056497613985865,4171.875,262281.25
-15.992493548570218,4453.125,266734.375
-15.928489483154571,4078.125,270812.5
-15.864485417738925,4593.75,275406.25
-15.800481352323276,3796.875,279203.125
-15.736477286907629,4015.625,283218.75
-15.672473221491982,4625.0,287843.75
-15.608469156076335,3796.875,291640.625
-15.544465090660687,4156.25,295796.875
-15.48046102524504,4140.625,299937.5
-15.416456959829393,4078.125,304015.625
-15.352452894413746,4515.625,308531.25
-15.2884488289981,4109.375,312640.625
-15.22444476358245,4015.625,316656.25
-15.160440698166804,4187.5,320843.75
-15.096436632751157,4437.5,325281.25
-15.03243256733551,4562.5,329843.75
-14.968428501919863,4718.75,334562.5
-14.904424436504215,4046.875,338609.375
-14.840420371088568,4640.625,343250.0
-14.776416305672921,4218.75,347468.75
-14.712412240257274,4250.0,351718.75
-14.648408174841625,3968.75,355687.5
-14.584404109425979,3953.125,359640.625
-14.520400044010332,4062.5,363703.125
-14.456395978594685,4375.0,368078.125
-14.392391913179038,4609.375,372687.5
-14.32838784776339,4359.375,377046.875
-14.264383782347743,4015.625,381062.5
-14.200379716932096,4781.25,385843.75
-14.136375651516449,3765.625,389609.375
-14.0723715861008,4421.875,394031.25
-14.008367520685153,4468.75,398500.0
-13.944363455269507,3750.0,402250.0
-13.88035938985386,4109.375,406359.375
-13.816355324438213,4015.625,410375.0
-13.752351259022564,3890.625,414265.625
-13.688347193606917,4296.875,418562.5
-13.62434312819127,3812.5,422375.0
-13.560339062775624,4046.875,426421.875
-13.496334997359975,4046.875,430468.75
-13.432330931944328,4265.625,434734.375
-13.368326866528681,3890.625,438625.0
-13.304322801113035,4750.0,443375.0
-13.240318735697388,4375.0,447750.0
-13.176314670281739,4312.5,452062.5
-13.112310604866092,4234.375,456296.875
-13.048306539450445,4703.125,461000.0
-12.984302474034799,4343.75,465343.75
-12.92029840861915,4734.375,470078.125
-12.856294343203503,4203.125,474281.25
-12.792290277787856,4328.125,478609.375
-12.72828621237221,4500.0,483109.375
-12.664282146956563,4218.75,487328.125
-12.600278081540914,4140.625,491468.75
-12.536274016125267,4328.125,495796.875
-12.47226995070962,4578.125,500375.0
-12.408265885293973,4359.375,504734.375
-12.344261819878326,4468.75,509203.125
-12.280257754462678,4796.875,514000.0
-12.216253689047031,4562.5,518562.5
-12.152249623631384,4187.5,522750.0
-12.088245558215737,4109.375,526859.375
-12.024241492800089,4812.5,531671.875
-11.960237427384442,4156.25,535828.125
-11.896233361968795,4203.125,540031.25
-11.832229296553148,4265.625,544296.875
-11.768225231137501,4187.5,548484.375
-11.704221165721853,4375.0,552859.375
-11.640217100306206,4609.375,557468.75
-11.576213034890559,4578.125,562046.875
-11.512208969474912,4453.125,566500.0
-11.448204904059263,4109.375,570609.375
-11.384200838643617,4031.25,574640.625
-11.32019677322797,4015.625,578656.25
-11.256192707812323,4062.5,582718.75
-11.192188642396676,3843.75,586562.5
-11.128184576981027,4390.625,590953.125
-11.06418051156538,4265.625,595218.75
-11.000176446149734,4515.625,599734.375
-10.936172380734087,4421.875,604156.25
-10.87216831531844,3906.25,608062.5
-10.808164249902791,3765.625,611828.125
-10.744160184487145,4203.125,616031.25
-10.680156119071498,4375.0,620406.25
-10.616152053655851,4281.25,624687.5
-10.552147988240202,4218.75,628906.25
-10.488143922824555,4453.125,633359.375
-10.424139857408909,4125.0,637484.375
-10.360135791993262,4234.375,641718.75
-10.296131726577615,4281.25,646000.0
-10.232127661161968,4343.75,650343.75
-10.16812359574632,4062.5,654406.25
-10.10411953033067,4390.625,658796.875
-10.040115464915026,4390.625,663187.5
-9.976111399499377,4312.5,667500.0
-9.912107334083732,4250.0,671750.0
-9.848103268668083,4250.0,676000.0
-9.784099203252435,4390.625,680390.625
-9.72009513783679,4046.875,684437.5
-9.656091072421141,4437.5,688875.0
-9.592087007005496,4875.0,693750.0
-9.528082941589847,4468.75,698218.75
-9.464078876174199,4609.375,702828.125
-9.400074810758554,4234.375,707062.5
-9.336070745342905,4140.625,711203.125
-9.27206667992726,3906.25,715109.375
-9.208062614511611,4078.125,719187.5
-9.144058549095963,4640.625,723828.125
-9.080054483680318,4968.75,728796.875
-9.016050418264669,4031.25,732828.125
-8.95204635284902,4062.5,736890.625
-8.888042287433375,4109.375,741000.0
-8.824038222017727,4625.0,745625.0
-8.760034156602082,4515.625,750140.625
-8.696030091186433,4609.375,754750.0
-8.632026025770784,4109.375,758859.375
-8.56802196035514,4171.875,763031.25
-8.50401789493949,4343.75,767375.0
-8.440013829523846,4406.25,771781.25
-8.376009764108197,4296.875,776078.125
-8.312005698692548,4343.75,780421.875
-8.248001633276903,4421.875,784843.75
-8.183997567861255,4515.625,789359.375
-8.11999350244561,4578.125,793937.5
-8.055989437029961,4250.0,798187.5
-7.991985371614312,4328.125,802515.625
-7.927981306198667,4250.0,806765.625
-7.863977240783019,3843.75,810609.375
-7.79997317536737,4343.75,814953.125
-7.735969109951725,3953.125,818906.25
-7.671965044536076,3953.125,822859.375
-7.607960979120431,4515.625,827375.0
-7.543956913704783,4781.25,832156.25
-7.479952848289134,4250.0,836406.25
-7.415948782873489,4406.25,840812.5
-7.35194471745784,4484.375,845296.875
-7.287940652042195,4656.25,849953.125
-7.223936586626547,4484.375,854437.5
-7.159932521210898,4500.0,858937.5
-7.095928455795253,3718.75,862656.25
-7.031924390379604,4015.625,866671.875
-6.967920324963959,4265.625,870937.5
-6.903916259548311,4140.625,875078.125
-6.839912194132662,4140.625,879218.75
-6.775908128717017,4468.75,883687.5
-6.711904063301368,4500.0,888187.5
-6.647899997885723,4375.0,892562.5
-6.5838959324700745,4203.125,896765.625
-6.519891867054426,4312.5,901078.125
-6.455887801638781,4578.125,905656.25
-6.391883736223132,4046.875,909703.125
-6.327879670807484,4671.875,914375.0
-6.2638756053918385,4671.875,919046.875
-6.19987153997619,4640.625,923687.5
-6.135867474560545,4343.75,928031.25
-6.071863409144896,4421.875,932453.125
-6.007859343729248,3984.375,936437.5
-5.9438552783136025,4656.25,941093.75
-5.879851212897954,4468.75,945562.5
-5.815847147482309,4437.5,950000.0
-5.75184308206666,4031.25,954031.25
-5.6878390166510115,4218.75,958250.0
-5.6238349512353665,4343.75,962593.75
-5.559830885819718,4218.75,966812.5
-5.495826820404073,4250.0,971062.5
-5.431822754988424,3968.75,975031.25
-5.3678186895727755,4578.125,979609.375
-5.3038146241571305,4218.75,983828.125
-5.239810558741482,4328.125,988156.25
-5.175806493325837,4203.125,992359.375
-5.111802427910188,4000.0,996359.375
-5.0477983624945395,4031.25,1000390.625
-4.983794297078894,4312.5,1004703.125
-4.919790231663246,4140.625,1008843.75
-4.855786166247597,4484.375,1013328.125
-4.791782100831952,4296.875,1017625.0
-4.7277780354163035,3906.25,1021531.25
-4.663773970000658,4515.625,1026046.875
-4.59976990458501,4062.5,1030109.375
-4.535765839169361,3828.125,1033937.5
-4.471761773753716,4406.25,1038343.75
-4.4077577083380675,4281.25,1042625.0
-4.343753642922422,4125.0,1046750.0
-4.279749577506774,4468.75,1051218.75
-4.215745512091125,4562.5,1055781.25
-4.15174144667548,4203.125,1059984.375
-4.087737381259831,4187.5,1064171.875
-4.023733315844186,4406.25,1068578.125
-3.9597292504285377,4406.25,1072984.375
-3.895725185012889,4406.25,1077390.625
-3.831721119597244,4000.0,1081390.625
-3.7677170541815954,4812.5,1086203.125
-3.7037129887659503,4281.25,1090484.375
-3.6397089233503017,3968.75,1094453.125
-3.575704857934653,4812.5,1099265.625
-3.511700792519008,4734.375,1104000.0
-3.4476967271033594,4328.125,1108328.125
-3.3836926616877108,4484.375,1112812.5
-3.3196885962720657,3953.125,1116765.625
-3.255684530856417,4046.875,1120812.5
-3.191680465440772,3859.375,1124671.875
-3.1276764000251234,3875.0,1128546.875
-3.0636723346094747,4390.625,1132937.5
-2.9996682691938297,4734.375,1137671.875
-2.935664203778181,4281.25,1141953.125
-2.871660138362536,4437.5,1146390.625
-2.8076560729468873,4203.125,1150593.75
-2.7436520075312387,4031.25,1154625.0
-2.6796479421155937,4359.375,1158984.375
-2.615643876699945,4234.375,1163218.75
-2.5516398112843,4312.5,1167531.25
-2.4876357458686513,4453.125,1171984.375
-2.4236316804530027,4156.25,1176140.625
-2.3596276150373576,4343.75,1180484.375
-2.295623549621709,4703.125,1185187.5
-2.2316194842060604,3687.5,1188875.0
-2.1676154187904153,3968.75,1192843.75
-2.1036113533747667,4421.875,1197265.625
-2.0396072879591216,3906.25,1201171.875
-1.975603222543473,4437.5,1205609.375
-1.9115991571278244,4343.75,1209953.125
-1.8475950917121793,4000.0,1213953.125
-1.7835910262965307,3968.75,1217921.875
-1.7195869608808856,4234.375,1222156.25
-1.655582895465237,4218.75,1226375.0
-1.5915788300495883,4265.625,1230640.625
-1.5275747646339433,3828.125,1234468.75
-1.4635706992182946,4203.125,1238671.875
-1.3995666338026496,4000.0,1242671.875
-1.335562568387001,4375.0,1247046.875
-1.2715585029713523,4312.5,1251359.375
-1.2075544375557072,4109.375,1255468.75
-1.1435503721400586,4250.0,1259718.75
-1.0795463067244135,4546.875,1264265.625
-1.015542241308765,4031.25,1268296.875
-0.9515381758931163,4078.125,1272375.0
-0.8875341104774712,4406.25,1276781.25
-0.8235300450618226,3812.5,1280593.75
-0.759525979646174,4421.875,1285015.625
-0.6955219142305289,4140.625,1289156.25
-0.6315178488148803,4250.0,1293406.25
-0.5675137833992352,4546.875,1297953.125
-0.5035097179835866,4390.625,1302343.75
-0.43950565256793794,4312.5,1306656.25
-0.37550158715229287,4859.375,1311515.625
-0.31149752173664425,3781.25,1315296.875
-0.24749345632099917,4484.375,1319781.25
-0.18348939090535055,5515.625,1325296.875
-0.11948532548970192,5296.875,1330593.75
-0.05548126007405685,6171.875,1336765.625
0.008522805341591777,6796.875,1343562.5
0.07252687075723685,7640.625,1351203.125
0.13653093617288548,7312.5,1358515.625
0.2005350015885341,7515.625,1366031.25
0.2645390670041792,8296.875,1374328.125
0.3285431324198278,9375.0,1383703.125
0.3925471978354764,9531.25,1393234.375
0.4565512632511215,9640.625,1402875.0
0.5205553286667701,9937.5,1412812.5
0.5845593940824152,10609.375,1423421.875
0.6485634594980638,10312.5,1433734.375
0.7125675249137124,10468.75,1444203.125
0.7765715903293575,11781.25,1455984.375
0.8405756557450061,10750.0,1466734.375
0.9045797211606512,12140.625,1478875.0
0.9685837865762998,10828.125,1489703.125
1.0325878519919485,11234.375,1500937.5
1.0965919174075935,10531.25,1511468.75
1.1605959828232422,11437.5,1522906.25
1.2246000482388872,10781.25,1533687.5
1.2886041136545359,12515.625,1546203.125
1.3526081790701845,11890.625,1558093.75
1.4166122444858296,12187.5,1570281.25
1.4806163099014782,12125.0,1582406.25
1.5446203753171233,11906.25,1594312.5
1.6086244407327719,11796.875,1606109.375
1.6726285061484205,11796.875,1617906.25
1.7366325715640656,13328.125,1631234.375
1.8006366369797142,12921.875,1644156.25
1.8646407023953628,12750.0,1656906.25
1.928644767811008,13062.5,1669968.75
1.9926488332266565,12812.5,1682781.25
2.0566528986423016,12968.75,1695750.0
2.1206569640579502,12718.75,1708468.75
2.184661029473599,13328.125,1721796.875
2.248665094889244,13328.125,1735125.0
2.3126691603048926,13234.375,1748359.375
2.3766732257205376,13796.875,1762156.25
2.4406772911361863,13093.75,1775250.0
2.504681356551835,13437.5,1788687.5
2.56868542196748,13828.125,1802515.625
2.6326894873831286,13656.25,1816171.875
2.6966935527987737,14234.375,1830406.25
2.7606976182144223,13453.125,1843859.375
2.824701683630071,13390.625,1857250.0
2.888705749045716,12421.875,1869671.875
2.9527098144613646,12906.25,1882578.125
3.0167138798770097,12828.125,1895406.25
3.0807179452926583,12906.25,1908312.5
3.144722010708307,12406.25,1920718.75
3.208726076123952,11656.25,1932375.0
3.2727301415396006,12296.875,1944671.875
3.3367342069552492,12500.0,1957171.875
3.4007382723708943,13062.5,1970234.375
3.464742337786543,12140.625,1982375.0
3.528746403202188,12312.5,1994687.5
3.5927504686178366,11546.875,2006234.375
3.6567545340334853,12015.625,2018250.0
3.7207585994491303,11187.5,2029437.5
3.784762664864779,11250.0,2040687.5
3.848766730280424,10734.375,2051421.875
3.9127707956960727,10421.875,2061843.75
3.9767748611117213,10890.625,2072734.375
4.040778926527366,10968.75,2083703.125
4.104782991943015,10562.5,2094265.625
4.16878705735866,10671.875,2104937.5
4.232791122774309,10593.75,2115531.25
4.296795188189957,10406.25,2125937.5
4.360799253605602,9937.5,2135875.0
4.424803319021251,9515.625,2145390.625
4.488807384436896,11078.125,2156468.75
4.552811449852545,9828.125,2166296.875
4.616815515268193,9203.125,2175500.0
4.680819580683838,8578.125,2184078.125
4.744823646099487,9421.875,2193500.0
4.808827711515136,8265.625,2201765.625
4.872831776930781,8484.375,2210250.0
4.936835842346429,8437.5,2218687.5
5.000839907762074,8328.125,2227015.625
5.064843973177723,8906.25,2235921.875
5.128848038593372,8093.75,2244015.625
5.192852104009017,8406.25,2252421.875
5.256856169424665,9203.125,2261625.0
5.3208602348403105,8578.125,2270203.125
5.384864300255959,8203.125,2278406.25
5.448868365671608,8109.375,2286515.625
5.512872431087253,7765.625,2294281.25
5.576876496502901,8218.75,2302500.0
5.6408805619185465,8000.0,2310500.0
5.704884627334195,7781.25,2318281.25
5.76888869274984,8062.5,2326343.75
5.832892758165492,8125.0,2334468.75
5.896896823581137,7343.75,2341812.5
5.9609008889967825,7671.875,2349484.375
6.024904954412435,7453.125,2356937.5
6.08890901982808,7343.75,2364281.25
6.152913085243725,7343.75,2371625.0
6.21691715065937,7140.625,2378765.625
6.280921216075022,8140.625,2386906.25
6.344925281490667,7453.125,2394359.375
6.408929346906312,7593.75,2401953.125
6.472933412321964,7125.0,2409078.125
6.5369374777376095,7062.5,2416140.625
6.6009415431532545,6734.375,2422875.0
6.664945608568907,7234.375,2430109.375
6.728949673984552,7328.125,2437437.5
6.792953739400197,7328.125,2444765.625
6.856957804815849,7265.625,2452031.25
6.920961870231494,6593.75,2458625.0
6.984965935647139,6515.625,2465140.625
7.048970001062784,7000.0,2472140.625
7.112974066478436,6500.0,2478640.625
7.1769781318940815,6312.5,2484953.125
7.240982197309727,6375.0,2491328.125
7.304986262725379,6781.25,2498109.375
7.368990328141024,6796.875,2504906.25
7.432994393556669,7140.625,2512046.875
7.496998458972321,6500.0,2518546.875
7.561002524387966,6859.375,2525406.25
7.625006589803611,6468.75,2531875.0
7.689010655219256,6078.125,2537953.125
7.7530147206349085,6234.375,2544187.5
7.817018786050554,5984.375,2550171.875
7.881022851466199,6031.25,2556203.125
7.945026916881851,6250.0,2562453.125
8.009030982297496,6468.75,2568921.875
8.073035047713141,6218.75,2575140.625
8.137039113128793,5812.5,2580953.125
8.201043178544438,5609.375,2586562.5
8.265047243960083,5921.875,2592484.375
8.329051309375735,6015.625,2598500.0
8.39305537479138,5906.25,2604406.25
8.457059440207026,5484.375,2609890.625
8.52106350562267,4890.625,2614781.25
8.585067571038323,5546.875,2620328.125
8.649071636453968,5375.0,2625703.125
8.713075701869613,5609.375,2631312.5
8.777079767285265,5515.625,2636828.125
8.84108383270091,5312.5,2642140.625
8.905087898116555,5609.375,2647750.0
8.969091963532208,5453.125,2653203.125
9.033096028947853,6031.25,2659234.375
9.097100094363498,5656.25,2664890.625
9.161104159779143,5500.0,2670390.625
9.225108225194795,5234.375,2675625.0
9.28911229061044,5515.625,2681140.625
9.353116356026085,5859.375,2687000.0
9.417120421441737,5890.625,2692890.625
9.481124486857382,5640.625,2698531.25
9.545128552273027,5750.0,2704281.25
9.60913261768868,5812.5,2710093.75
9.673136683104325,5406.25,2715500.0
9.73714074851997,5562.5,2721062.5
9.801144813935622,5781.25,2726843.75
9.865148879351267,5609.375,2732453.125
9.929152944766912,5531.25,2737984.375
9.993157010182557,5640.625,2743625.0
10.05716107559821,6234.375,2749859.375
10.121165141013854,5468.75,2755328.125
10.1851692064295,5890.625,2761218.75
10.249173271845152,6140.625,2767359.375
10.313177337260797,5718.75,2773078.125
10.377181402676442,5890.625,2778968.75
10.441185468092094,5656.25,2784625.0
10.505189533507739,5640.625,2790265.625
10.569193598923384,5546.875,2795812.5
10.633197664339036,5593.75,2801406.25
10.697201729754681,5125.0,2806531.25
10.761205795170326,4968.75,2811500.0
10.825209860585971,5750.0,2817250.0
10.889213926001624,5562.5,2822812.5
10.953217991417269,4562.5,2827375.0
11.017222056832914,5375.0,2832750.0
11.081226122248566,5421.875,2838171.875
11.145230187664211,5296.875,2843468.75
11.209234253079856,4656.25,2848125.0
11.273238318495508,5515.625,2853640.625
11.337242383911153,5515.625,2859156.25
11.401246449326798,4984.375,2864140.625
11.465250514742443,5453.125,2869593.75
11.529254580158096,4812.5,2874406.25
11.59325864557374,4968.75,2879375.0
11.657262710989386,5078.125,2884453.125
11.721266776405038,5515.625,2889968.75
11.785270841820683,4843.75,2894812.5
11.849274907236328,4812.5,2899625.0
11.91327897265198,5156.25,2904781.25
11.977283038067625,4765.625,2909546.875
12.04128710348327,5281.25,2914828.125
12.105291168898923,4765.625,2919593.75
12.169295234314568,4968.75,2924562.5
12.233299299730213,4703.125,2929265.625
12.297303365145858,5000.0,2934265.625
12.36130743056151,5046.875,2939312.5
12.425311495977155,4921.875,2944234.375
12.4893155613928,4734.375,2948968.75
12.553319626808452,4390.625,2953359.375
12.617323692224097,4671.875,2958031.25
12.681327757639743,4687.5,2962718.75
12.745331823055395,4750.0,2967468.75
12.80933588847104,4500.0,2971968.75
12.873339953886685,4765.625,2976734.375
12.93734401930233,4812.5,2981546.875
13.001348084717982,4812.5,2986359.375
13.065352150133627,4437.5,2990796.875
13.129356215549272,4937.5,2995734.375
13.193360280964924,4734.375,3000468.75
13.25736434638057,4687.5,3005156.25
13.321368411796215,4953.125,3010109.375
13.385372477211867,5000.0,3015109.375
13.449376542627512,4703.125,3019812.5
13.513380608043157,4953.125,3024765.625
13.577384673458809,4359.375,3029125.0
13.641388738874454,4593.75,3033718.75
13.7053928042901,4656.25,3038375.0
13.769396869705744,5078.125,3043453.125
13.833400935121396,4312.5,3047765.625
13.897405000537042,4593.75,3052359.375
13.961409065952687,4437.5,3056796.875
14.025413131368339,4718.75,3061515.625
14.089417196783984,4750.0,3066265.625
14.153421262199629,4640.625,3070906.25
14.217425327615281,4406.25,3075312.5
14.281429393030926,4343.75,3079656.25
14.345433458446571,4781.25,3084437.5
14.409437523862216,4625.0,3089062.5
14.473441589277869,4234.375,3093296.875
14.537445654693514,5390.625,3098687.5
14.601449720109159,4328.125,3103015.625
14.66545378552481,4671.875,3107687.5
14.729457850940456,4078.125,3111765.625
14.793461916356101,4203.125,3115968.75
14.857465981771753,4687.5,3120656.25
14.921470047187398,4296.875,3124953.125
14.985474112603043,4593.75,3129546.875
15.049478178018695,5296.875,3134843.75
15.11348224343434,5109.375,3139953.125
15.177486308849986,4296.875,3144250.0
15.24149037426563,4718.75,3148968.75
15.305494439681283,4312.5,3153281.25
15.369498505096928,4125.0,3157406.25
15.433502570512573,4750.0,3162156.25
15.497506635928225,3859.375,3166015.625
15.56151070134387,4531.25,3170546.875
15.625514766759515,4906.25,3175453.125
15.689518832175168,5109.375,3180562.5
15.753522897590813,5140.625,3185703.125
15.817526963006458,4750.0,3190453.125
15.881531028422103,5468.75,3195921.875
15.945535093837755,4921.875,3200843.75
16.0095391592534,5359.375,3206203.125
16.073543224669045,4640.625,3210843.75
16.137547290084697,4750.0,3215593.75
16.201551355500342,4703.125,3220296.875
16.265555420915987,4515.625,3224812.5
16.32955948633164,4687.5,3229500.0
16.393563551747285,4343.75,3233843.75
16.45756761716293,4515.625,3238359.375
16.521571682578582,4578.125,3242937.5
16.585575747994227,4609.375,3247546.875
16.649579813409872,4734.375,3252281.25
16.713583878825517,5046.875,3257328.125
16.77758794424117,4859.375,3262187.5
16.841592009656814,5125.0,3267312.5
16.90559607507246,4703.125,3272015.625
16.96960014048811,4484.375,3276500.0
17.033604205903757,5140.625,3281640.625
17.0976082713194,4468.75,3286109.375
17.161612336735054,4796.875,3290906.25
17.2256164021507,4578.125,3295484.375
17.289620467566344,4468.75,3299953.125
17.35362453298199,4359.375,3304312.5
17.41762859839764,4453.125,3308765.625
17.481632663813286,4703.125,3313468.75
17.54563672922893,4484.375,3317953.125
17.609640794644584,4343.75,3322296.875
17.67364486006023,4859.375,3327156.25
17.737648925475874,4343.75,3331500.0
17.801652990891526,4484.375,3335984.375
17.86565705630717,5031.25,3341015.625
17.929661121722816,5421.875,3346437.5
17.99366518713847,4640.625,3351078.125
18.057669252554113,4156.25,3355234.375
18.12167331796976,4921.875,3360156.25
18.185677383385404,4359.375,3364515.625
18.249681448801056,4828.125,3369343.75
18.3136855142167,4687.5,3374031.25
18.377689579632346,4250.0,3378281.25
18.441693645047998,4937.5,3383218.75
18.505697710463643,4265.625,3387484.375
18.569701775879288,4593.75,3392078.125
18.63370584129494,4375.0,3396453.125
18.697709906710585,4718.75,3401171.875
18.76171397212623,4328.125,3405500.0
18.825718037541876,4437.5,3409937.5
18.889722102957528,4265.625,3414203.125
18.953726168373173,4265.625,3418468.75
19.017730233788818,4171.875,3422640.625
19.08173429920447,5000.0,3427640.625
19.145738364620115,4406.25,3432046.875
19.20974243003576,4718.75,3436765.625
19.273746495451412,4703.125,3441468.75
19.337750560867057,4296.875,3445765.625
19.401754626282703,4578.125,3450343.75
19.465758691698355,4734.375,3455078.125
19.529762757114,4328.125,3459406.25
19.593766822529645,4406.25,3463812.5
19.65777088794529,4312.5,3468125.0
19.721774953360942,4703.125,3472828.125
19.785779018776587,4296.875,3477125.0
19.849783084192232,4562.5,3481687.5
19.913787149607884,4703.125,3486390.625
19.97779121502353,4515.625,3490906.25
20.041795280439175,5406.25,3496312.5
20.105799345854827,4296.875,3500609.375
20.169803411270472,4484.375,3505093.75
20.233807476686117,4687.5,3509781.25
20.29781154210177,4453.125,3514234.375
20.361815607517414,4203.125,3518437.5
20.42581967293306,4062.5,3522500.0
20.489823738348704,4796.875,3527296.875
20.553827803764356,4296.875,3531593.75
20.61783186918,4625.0,3536218.75
20.681835934595647,4343.75,3540562.5
20.7458400000113,4484.375,3545046.875
20.809844065426944,4312.5,3549359.375
20.87384813084259,4234.375,3553593.75
20.93785219625824,4156.25,3557750.0
21.001856261673886,4312.5,3562062.5
21.06586032708953,4312.5,3566375.0
21.129864392505176,4046.875,3570421.875
21.19386845792083,3812.5,3574234.375
21.257872523336474,4468.75,3578703.125
21.32187658875212,4328.125,3583031.25
21.38588065416777,4234.375,3587265.625
21.449884719583416,4312.5,3591578.125
21.51388878499906,4328.125,3595906.25
21.577892850414713,4375.0,3600281.25
21.64189691583036,4312.5,3604593.75
21.705900981246003,4359.375,3608953.125
21.769905046661655,4312.5,3613265.625
21.8339091120773,4187.5,3617453.125
21.897913177492946,4031.25,3621484.375
21.96191724290859,4500.0,3625984.375
22.025921308324243,4250.0,3630234.375
22.089925373739888,4671.875,3634906.25
22.153929439155533,4187.5,3639093.75
22.217933504571185,4828.125,3643921.875
22.28193756998683,4828.125,3648750.0
22.345941635402475,4656.25,3653406.25
22.409945700818128,4437.5,3657843.75
22.473949766233773,4515.625,3662359.375
22.537953831649418,4515.625,3666875.0
22.601957897065063,4546.875,3671421.875
22.665961962480715,4078.125,3675500.0
22.72996602789636,4453.125,3679953.125
22.793970093312005,4656.25,3684609.375
22.857974158727657,4453.125,3689062.5
22.921978224143302,4328.125,3693390.625
22.985982289558947,4312.5,3697703.125
23.0499863549746,4328.125,3702031.25
23.113990420390245,4750.0,3706781.25
23.17799448580589,4562.5,3711343.75
23.241998551221542,4562.5,3715906.25
23.306002616637187,4609.375,3720515.625
23.370006682052832,4218.75,3724734.375
23.434010747468477,4453.125,3729187.5
23.49801481288413,4250.0,3733437.5
23.562018878299774,4718.75,3738156.25
23.62602294371542,4671.875,3742828.125
23.69002700913107,4281.25,3747109.375
23.754031074546717,4796.875,3751906.25
23.81803513996236,4031.25,3755937.5
23.882039205378014,3828.125,3759765.625
23.94604327079366,4218.75,3763984.375
24.010047336209304,4843.75,3768828.125
24.07405140162495,4156.25,3772984.375
24.1380554670406,4406.25,3777390.625
24.202059532456246,4187.5,3781578.125
24.26606359787189,4625.0,3786203.125
24.330067663287544,4812.5,3791015.625
24.39407172870319,4812.5,3795828.125
24.458075794118834,4421.875,3800250.0
24.522079859534486,4140.625,3804390.625
24.58608392495013,4093.75,3808484.375
24.650087990365776,4875.0,3813359.375
24.71409205578143,4265.625,3817625.0
24.778096121197073,4546.875,3822171.875
24.84210018661272,4312.5,3826484.375
24.906104252028364,4656.25,3831140.625
24.970108317444016,4343.75,3835484.375
25.03411238285966,4640.625,3840125.0
25.098116448275306,4734.375,3844859.375
25.162120513690958,4406.25,3849265.625
25.226124579106603,4281.25,3853546.875
25.290128644522248,4390.625,3857937.5
25.3541327099379,5000.0,3862937.5
25.418136775353545,4421.875,3867359.375
25.48214084076919,4453.125,3871812.5
25.546144906184836,4062.5,3875875.0
25.610148971600488,3906.25,3879781.25
25.674153037016133,4296.875,3884078.125
25.738157102431778,4515.625,3888593.75
25.80216116784743,4171.875,3892765.625
25.866165233263075,4625.0,3897390.625
25.93016929867872,4609.375,3902000.0
25.994173364094372,4343.75,3906343.75
26.058177429510017,4359.375,3910703.125
26.122181494925663,4468.75,3915171.875
26.186185560341315,4078.125,3919250.0
26.25018962575696,3578.125,3922828.125
26.314193691172605,4828.125,3927656.25
26.37819775658825,4265.625,3931921.875
26.442201822003902,4562.5,3936484.375
26.506205887419547,3906.25,3940390.625
26.570209952835192,4453.125,3944843.75
26.634214018250844,4296.875,3949140.625
26.69821808366649,4484.375,3953625.0
26.762222149082135,4187.5,3957812.5
26.826226214497787,4890.625,3962703.125
26.890230279913432,4671.875,3967375.0
26.954234345329077,4734.375,3972109.375
27.01823841074473,4578.125,3976687.5
27.082242476160374,4453.125,3981140.625
27.14624654157602,4359.375,3985500.0
27.210250606991664,4609.375,3990109.375
27.274254672407316,4171.875,3994281.25
27.33825873782296,4328.125,3998609.375
27.402262803238607,4625.0,4003234.375
27.46626686865426,4687.5,4007921.875
27.530270934069904,3718.75,4011640.625
27.59427499948555,3875.0,4015515.625
27.6582790649012,4328.125,4019843.75
27.722283130316846,4453.125,4024296.875
27.78628719573249,4046.875,4028343.75
27.850291261148136,4234.375,4032578.125
27.91429532656379,4484.375,4037062.5
27.978299391979434,4046.875,4041109.375
28.04230345739508,4421.875,4045531.25
28.10630752281073,3859.375,4049390.625
28.170311588226376,3953.125,4053343.75
28.23431565364202,4312.5,4057656.25
28.298319719057673,4296.875,4061953.125
28.36232378447332,4218.75,4066171.875
28.426327849888963,4218.75,4070390.625
28.490331915304616,4796.875,4075187.5
28.55433598072026,4328.125,4079515.625
28.618340046135906,4515.625,4084031.25
28.68234411155155,4375.0,4088406.25
28.746348176967203,4296.875,4092703.125
28.810352242382848,4359.375,4097062.5
28.874356307798493,4718.75,4101781.25
28.938360373214145,4093.75,4105875.0
29.00236443862979,4515.625,4110390.625
29.066368504045435,4578.125,4114968.75
29.130372569461088,4015.625,4118984.375
29.194376634876733,4390.625,4123375.0
29.258380700292378,4343.75,4127718.75
29.322384765708023,4390.625,4132109.375
29.386388831123675,3890.625,4136000.0
29.45039289653932,4250.0,4140250.0
29.514396961954965,4140.625,4144390.625
29.578401027370617,3875.0,4148265.625
29.642405092786262,4031.25,4152296.875
29.706409158201907,4515.625,4156812.5
29.77041322361756,4500.0,4161312.5
29.834417289033205,4500.0,4165812.5
29.89842135444885,4359.375,4170171.875
29.962425419864502,4031.25,4174203.125
30.026429485280147,3843.75,4178046.875
30.090433550695792,4062.5,4182109.375
30.154437616111437,4562.5,4186671.875
30.21844168152709,3843.75,4190515.625
30.282445746942734,4390.625,4194906.25
30.34644981235838,4187.5,4199093.75
30.41045387777403,4468.75,4203562.5
30.474457943189677,4734.375,4208296.875
30.538462008605322,4468.75,4212765.625
30.602466074020974,4531.25,4217296.875
30.66647013943662,4484.375,4221781.25
30.730474204852264,4578.125,4226359.375
30.79447827026791,4703.125,4231062.5
30.85848233568356,4484.375,4235546.875
30.922486401099206,4281.25,4239828.125
30.98649046651485,4375.0,4244203.125
31.050494531930504,4015.625,4248218.75
31.11449859734615,4500.0,4252718.75
31.178502662761794,4281.25,4257000.0
31.242506728177446,4109.375,4261109.375
31.30651079359309,4421.875,4265531.25
31.370514859008736,4531.25,4270062.5
31.43451892442439,4000.0,4274062.5
31.498522989840033,4390.625,4278453.125
31.56252705525568,4281.25,4282734.375
31.626531120671324,4531.25,4287265.625
31.690535186086976,3875.0,4291140.625
31.75453925150262,4171.875,4295312.5
31.818543316918266,4125.0,4299437.5
31.882547382333918,4156.25,4303593.75
31.946551447749563,4546.875,4308140.625
32.01055551316521,4390.625,4312531.25
32.07455957858086,4437.5,4316968.75
32.138563643996505,3953.125,4320921.875
32.20256770941215,4437.5,4325359.375
32.266571774827796,4484.375,4329843.75
32.33057584024345,4468.75,4334312.5
32.39457990565909,4109.375,4338421.875
32.45858397107474,4234.375,4342656.25
32.52258803649039,4640.625,4347296.875
32.586592101906035,3984.375,4351281.25
32.65059616732168,4312.5,4355593.75
32.71460023273733,5265.625,4360859.375
32.77860429815298,4531.25,4365390.625
32.84260836356862,4453.125,4369843.75
32.906612428984275,4343.75,4374187.5
32.97061649439992,4031.25,4378218.75
33.034620559815565,4015.625,4382234.375
33.09862462523121,4500.0,4386734.375
33.16262869064686,4890.625,4391625.0
33.22663275606251,4656.25,4396281.25
33.29063682147815,4843.75,4401125.0
33.354640886893804,4765.625,4405890.625
33.41864495230945,4031.25,4409921.875
33.482649017725095,4718.75,4414640.625
33.54665308314075,4062.5,4418703.125
33.61065714855639,4171.875,4422875.0
33.67466121397204,4453.125,4427328.125
33.73866527938768,4296.875,4431625.0
33.802669344803334,4687.5,4436312.5
33.86667341021898,4750.0,4441062.5
33.930677475634624,4343.75,4445406.25
33.99468154105028,4953.125,4450359.375
34.05868560646592,4515.625,4454875.0
34.12268967188157,4328.125,4459203.125
34.18669373729722,4453.125,4463656.25
34.250697802712864,4421.875,4468078.125
34.31470186812851,4656.25,4472734.375
34.37870593354416,4343.75,4477078.125
34.442709998959806,4515.625,4481593.75
34.50671406437545,4234.375,4485828.125
34.570718129791096,4296.875,4490125.0
34.63472219520675,4453.125,4494578.125
34.698726260622394,4421.875,4499000.0
34.76273032603804,4812.5,4503812.5
34.82673439145369,4250.0,4508062.5
34.890738456869336,4187.5,4512250.0
34.95474252228498,4062.5,4516312.5
35.01874658770063,4359.375,4520671.875
35.08275065311628,4203.125,4524875.0
35.14675471853192,4687.5,4529562.5
35.21075878394757,4312.5,4533875.0
35.27476284936322,4546.875,4538421.875
35.338766914778866,4250.0,4542671.875
35.40277098019451,4296.875,4546968.75
35.46677504561016,4593.75,4551562.5
35.53077911102581,4156.25,4555718.75
35.59478317644145,4421.875,4560140.625
35.658787241857105,4203.125,4564343.75
35.72279130727275,3984.375,4568328.125
35.786795372688395,4343.75,4572671.875
35.85079943810405,4187.5,4576859.375
35.91480350351969,4203.125,4581062.5
35.97880756893534,4468.75,4585531.25
36.04281163435098,4468.75,4590000.0
36.106815699766635,4140.625,4594140.625
36.17081976518228,4250.0,4598390.625
36.234823830597925,4781.25,4603171.875
36.29882789601358,4171.875,4607343.75
36.36283196142922,4156.25,4611500.0
36.42683602684487,4156.25,4615656.25
36.49084009226052,4656.25,4620312.5
36.554844157676165,3640.625,4623953.125
36.61884822309181,4546.875,4628500.0
36.68285228850746,4843.75,4633343.75
36.74685635392311,4921.875,4638265.625
36.81086041933875,4218.75,4642484.375
36.8748644847544,4390.625,4646875.0
36.93886855017005,4187.5,4651062.5
37.002872615585694,4593.75,4655656.25
37.06687668100134,4171.875,4659828.125
37.13088074641699,4031.25,4663859.375
37.19488481183264,3375.0,4667234.375
37.25888887724828,4250.0,4671484.375
37.322892942663934,4234.375,4675718.75
37.38689700807958,4468.75,4680187.5
37.450901073495224,4421.875,4684609.375
37.51490513891087,4343.75,4688953.125
37.57890920432652,3968.75,4692921.875
37.64291326974217,4125.0,4697046.875
37.70691733515781,4171.875,4701218.75
37.77092140057346,4296.875,4705515.625
37.8349254659891,4328.125,4709843.75
37.89892953140476,4343.75,4714187.5
37.962933596820406,4578.125,4718765.625
38.02693766223605,4140.625,4722906.25
38.090941727651696,3718.75,4726625.0
38.15494579306734,4390.625,4731015.625
38.218949858482986,4171.875,4735187.5
38.282953923898646,3968.75,4739156.25
38.34695798931429,4078.125,4743234.375
38.410962054729936,3968.75,4747203.125
38.47496612014558,4046.875,4751250.0
38.538970185561226,4218.75,4755468.75
38.60297425097687,4390.625,4759859.375
38.666978316392516,4234.375,4764093.75
38.730982381808175,4031.25,4768125.0
38.79498644722382,4234.375,4772359.375
38.858990512639465,4468.75,4776828.125
38.92299457805511,4593.75,4781421.875
38.986998643470756,4406.25,4785828.125
39.0510027088864,4453.125,4790281.25
39.11500677430206,4203.125,4794484.375
39.179010839717705,4250.0,4798734.375
39.24301490513335,4343.75,4803078.125
39.307018970548995,4640.625,4807718.75
39.37102303596464,4250.0,4811968.75
39.435027101380285,4234.375,4816203.125
39.49903116679593,4406.25,4820609.375
39.56303523221159,4125.0,4824734.375
39.627039297627235,5078.125,4829812.5
39.69104336304288,4265.625,4834078.125
39.755047428458525,4078.125,4838156.25
39.81905149387417,4781.25,4842937.5
39.883055559289815,4640.625,4847578.125
39.947059624705474,3546.875,4851125.0
40.01106369012112,4046.875,4855171.875
40.075067755536764,4187.5,4859359.375
40.13907182095241,4609.375,4863968.75
40.203075886368055,4359.375,4868328.125
40.2670799517837,4375.0,4872703.125
40.331084017199345,4156.25,4876859.375
40.395088082615004,3750.0,4880609.375
40.45909214803065,3859.375,4884468.75
40.523096213446294,4156.25,4888625.0
40.58710027886194,4359.375,4892984.375
40.651104344277584,4515.625,4897500.0
40.71510840969323,4046.875,4901546.875
40.77911247510889,4218.75,4905765.625
40.843116540524534,4375.0,4910140.625
40.90712060594018,4453.125,4914593.75
40.971124671355824,3906.25,4918500.0
41.03512873677147,3875.0,4922375.0
41.099132802187114,4140.625,4926515.625
41.16313686760276,4515.625,4931031.25
41.22714093301842,4640.625,4935671.875
41.29114499843406,4906.25,4940578.125
41.35514906384971,4390.625,4944968.75
41.419153129265354,4281.25,4949250.0
41.483157194681,4312.5,4953562.5
41.547161260096644,3609.375,4957171.875
41.61116532551229,3921.875,4961093.75
41.67516939092795,4656.25,4965750.0
41.73917345634359,4375.0,4970125.0
41.80317752175924,4281.25,4974406.25
41.86718158717488,4578.125,4978984.375
41.93118565259053,3796.875,4982781.25
41.99518971800617,4562.5,4987343.75
42.05919378342183,4578.125,4991921.875
42.12319784883748,4562.5,4996484.375
42.18720191425312,4390.625,5000875.0
42.25120597966877,4640.625,5005515.625
42.31521004508441,4562.5,5010078.125
42.37921411050006,4234.375,5014312.5
42.4432181759157,4781.25,5019093.75
42.50722224133136,4171.875,5023265.625
42.57122630674701,4390.625,5027656.25
42.63523037216265,4312.5,5031968.75
42.6992344375783,4046.875,5036015.625
42.76323850299394,4640.625,5040656.25
42.82724256840959,4250.0,5044906.25
42.89124663382525,4187.5,5049093.75
42.95525069924089,4609.375,5053703.125
43.01925476465654,4093.75,5057796.875
43.08325883007218,4453.125,5062250.0
43.14726289548783,4250.0,5066500.0
43.21126696090347,4109.375,5070609.375
43.27527102631912,4359.375,5074968.75
43.33927509173478,4296.875,5079265.625
43.40327915715042,4234.375,5083500.0
43.46728322256607,4828.125,5088328.125
43.53128728798171,4359.375,5092687.5
43.59529135339736,4625.0,5097312.5
43.659295418813,4593.75,5101906.25
43.72329948422866,4296.875,5106203.125
43.78730354964431,4750.0,5110953.125
43.85130761505995,4359.375,5115312.5
43.9153116804756,4250.0,5119562.5
43.97931574589124,4453.125,5124015.625
44.04331981130689,4750.0,5128765.625
44.10732387672253,4812.5,5133578.125
44.17132794213819,3968.75,5137546.875
44.235332007553836,4312.5,5141859.375
44.29933607296948,4234.375,5146093.75
44.36334013838513,4031.25,5150125.0
44.42734420380077,4218.75,5154343.75
44.49134826921642,4390.625,5158734.375
44.55535233463206,4265.625,5163000.0
44.61935640004772,4484.375,5167484.375
44.683360465463366,3781.25,5171265.625
44.74736453087901,4015.625,5175281.25
44.811368596294656,4531.25,5179812.5
44.8753726617103,3875.0,5183687.5
44.939376727125946,4890.625,5188578.125
45.003380792541606,4593.75,5193171.875
45.06738485795725,4515.625,5197687.5
45.131388923372896,4515.625,5202203.125
45.19539298878854,4234.375,5206437.5
45.259397054204186,3984.375,5210421.875
45.32340111961983,4937.5,5215359.375
45.387405185035476,4234.375,5219593.75
45.451409250451135,3968.75,5223562.5
45.51541331586678,4125.0,5227687.5
45.579417381282425,4593.75,5232281.25
45.64342144669807,3921.875,5236203.125
45.707425512113716,4406.25,5240609.375
45.77142957752936,4406.25,5245015.625
45.83543364294502,4500.0,5249515.625
45.899437708360665,4296.875,5253812.5
45.96344177377631,4015.625,5257828.125
46.027445839191955,4734.375,5262562.5
46.0914499046076,4765.625,5267328.125
46.155453970023245,4078.125,5271406.25
46.21945803543889,4281.25,5275687.5
46.28346210085455,4171.875,5279859.375
46.347466166270195,4593.75,5284453.125
46.41147023168584,4218.75,5288671.875
46.475474297101485,4468.75,5293140.625
46.53947836251713,4859.375,5298000.0
46.603482427932775,3921.875,5301921.875
46.667486493348434,4640.625,5306562.5
46.73149055876408,4765.625,5311328.125
46.795494624179724,4484.375,5315812.5
46.85949868959537,4421.875,5320234.375
46.923502755011015,4578.125,5324812.5
46.98750682042666,4187.5,5329000.0
47.051510885842305,4921.875,5333921.875
47.115514951257964,4500.0,5338421.875
47.17951901667361,4093.75,5342515.625
47.243523082089254,4234.375,5346750.0
47.3075271475049,4500.0,5351250.0
47.371531212920544,3734.375,5354984.375
47.43553527833619,4843.75,5359828.125
47.49953934375185,3984.375,5363812.5
47.563543409167494,4640.625,5368453.125
47.62754747458314,4343.75,5372796.875
47.691551539998784,4312.5,5377109.375
47.75555560541443,4203.125,5381312.5
47.819559670830074,4578.125,5385890.625
47.88356373624572,4281.25,5390171.875
47.94756780166138,4140.625,5394312.5
48.01157186707702,4140.625,5398453.125
48.07557593249267,4109.375,5402562.5
48.139579997908314,4531.25,5407093.75
48.20358406332396,4421.875,5411515.625
48.267588128739604,4343.75,5415859.375
48.33159219415525,4359.375,5420218.75
48.39559625957091,4406.25,5424625.0
48.45960032498655,4312.5,5428937.5
48.5236043904022,4171.875,5433109.375
48.58760845581784,4531.25,5437640.625
48.65161252123349,4546.875,5442187.5
48.71561658664913,4125.0,5446312.5
48.77962065206479,4843.75,5451156.25
48.84362471748044,4093.75,5455250.0
48.90762878289608,4125.0,5459375.0
48.97163284831173,4468.75,5463843.75
49.03563691372737,4171.875,5468015.625
49.09964097914302,4250.0,5472265.625
49.16364504455866,5078.125,5477343.75
49.22764910997432,4640.625,5481984.375
49.29165317538997,4312.5,5486296.875
49.35565724080561,4265.625,5490562.5
49.41966130622126,4015.625,5494578.125
49.4836653716369,4625.0,5499203.125
49.54766943705255,4484.375,5503687.5
49.61167350246821,4250.0,5507937.5
49.67567756788385,4421.875,5512359.375
49.7396816332995,4781.25,5517140.625
49.80368569871514,4484.375,5521625.0
49.86768976413079,3859.375,5525484.375
49.93169382954643,4609.375,5530093.75
49.99569789496208,3875.0,5533968.75
50.05970196037774,4156.25,5538125.0
50.12370602579338,4593.75,5542718.75
50.18771009120903,4453.125,5547171.875
50.25171415662467,4546.875,5551718.75
50.31571822204032,4359.375,5556078.125
50.37972228745596,4078.125,5560156.25
50.44372635287162,4750.0,5564906.25
50.50773041828727,4093.75,5569000.0
50.57173448370291,4265.625,5573265.625
50.63573854911856,3921.875,5577187.5
50.6997426145342,3921.875,5581109.375
50.76374667994985,4484.375,5585593.75
50.82775074536549,4390.625,5589984.375
50.89175481078115,4234.375,5594218.75
50.955758876196796,4093.75,5598312.5
51.01976294161244,4343.75,5602656.25
51.08376700702809,4406.25,5607062.5
51.14777107244373,4281.25,5611343.75
51.21177513785938,4453.125,5615796.875
51.27577920327502,4156.25,5619953.125
51.33978326869068,4406.25,5624359.375
51.403787334106326,4390.625,5628750.0
51.46779139952197,4421.875,5633171.875
51.531795464937616,4343.75,5637515.625
51.59579953035326,3796.875,5641312.5
51.659803595768906,4375.0,5645687.5
51.723807661184566,4109.375,5649796.875
51.78781172660021,4593.75,5654390.625
51.851815792015856,4562.5,5658953.125
51.9158198574315,4093.75,5663046.875
51.979823922847146,4375.0,5667421.875
52.04382798826279,4062.5,5671484.375
52.107832053678436,4234.375,5675718.75
52.171836119094095,4453.125,5680171.875
52.23584018450974,4156.25,5684328.125
52.299844249925385,4515.625,5688843.75
52.36384831534103,4296.875,5693140.625
52.427852380756676,4546.875,5697687.5
52.49185644617232,4171.875,5701859.375
52.55586051158798,4093.75,5705953.125
52.619864577003625,4218.75,5710171.875
52.68386864241927,4265.625,5714437.5
52.747872707834915,4640.625,5719078.125
52.81187677325056,4125.0,5723203.125
52.875880838666205,4375.0,5727578.125
52.93988490408185,4515.625,5732093.75
53.00388896949751,4328.125,5736421.875
53.067893034913155,4125.0,5740546.875
53.1318971003288,3750.0,5744296.875
53.195901165744445,4203.125,5748500.0
53.25990523116009,4484.375,5752984.375
53.323909296575735,4828.125,5757812.5
53.387913361991394,4187.5,5762000.0
53.45191742740704,4640.625,5766640.625
53.515921492822685,4109.375,5770750.0
53.57992555823833,3953.125,5774703.125
53.643929623653975,4125.0,5778828.125
53.70793368906962,4218.75,5783046.875
53.771937754485265,4093.75,5787140.625
53.835941819900924,4015.625,5791156.25
53.89994588531657,4281.25,5795437.5
53.963949950732214,3953.125,5799390.625
54.02795401614786,4843.75,5804234.375
54.091958081563504,4234.375,5808468.75
54.15596214697915,4781.25,5813250.0
54.219966212394795,4078.125,5817328.125
54.283970277810454,4312.5,5821640.625
54.3479743432261,4593.75,5826234.375
54.411978408641744,4390.625,5830625.0
54.47598247405739,4437.5,5835062.5
54.539986539473034,4265.625,5839328.125
54.60399060488868,4343.75,5843671.875
54.66799467030434,4171.875,5847843.75
54.73199873571998,4515.625,5852359.375
54.79600280113563,4312.5,5856671.875
54.860006866551274,4296.875,5860968.75
54.92401093196692,4406.25,5865375.0
54.988014997382564,4453.125,5869828.125
55.05201906279821,4093.75,5873921.875
55.11602312821387,3984.375,5877906.25
55.18002719362951,4125.0,5882031.25
55.24403125904516,4312.5,5886343.75
55.3080353244608,4578.125,5890921.875
55.37203938987645,4140.625,5895062.5
55.43604345529209,4140.625,5899203.125
55.50004752070775,4234.375,5903437.5
55.5640515861234,5015.625,5908453.125
55.62805565153904,4546.875,5913000.0
55.69205971695469,4234.375,5917234.375
55.75606378237033,4140.625,5921375.0
55.82006784778598,4250.0,5925625.0
55.88407191320162,4437.5,5930062.5
55.94807597861728,4000.0,5934062.5
56.01208004403293,3859.375,5937921.875
56.07608410944857,4156.25,5942078.125
56.14008817486422,4531.25,5946609.375
56.20409224027986,4265.625,5950875.0
56.26809630569551,4375.0,5955250.0
56.33210037111117,4234.375,5959484.375
56.39610443652681,4453.125,5963937.5
56.46010850194246,4000.0,5967937.5
56.5241125673581,4109.375,5972046.875
56.58811663277375,4265.625,5976312.5
56.65212069818939,4375.0,5980687.5
56.71612476360504,4093.75,5984781.25
56.7801288290207,4796.875,5989578.125
56.84413289443634,4593.75,5994171.875
56.90813695985199,3734.375,5997906.25
56.97214102526763,4171.875,6002078.125
57.03614509068328,4031.25,6006109.375
57.10014915609892,4562.5,6010671.875
57.16415322151458,4031.25,6014703.125
57.22815728693023,4562.5,6019265.625
57.29216135234587,4171.875,6023437.5
57.35616541776152,4187.5,6027625.0
57.42016948317716,4171.875,6031796.875
57.48417354859281,4390.625,6036187.5
57.54817761400845,4390.625,6040578.125
57.61218167942411,4156.25,6044734.375
57.676185744839756,4375.0,6049109.375
57.7401898102554,4609.375,6053718.75
57.80419387567105,4625.0,6058343.75
57.86819794108669,4171.875,6062515.625
57.93220200650234,4187.5,6066703.125
57.99620607191798,4390.625,6071093.75
58.06021013733364,4296.875,6075390.625
58.124214202749286,4328.125,6079718.75
58.18821826816493,4625.0,6084343.75
58.252222333580576,3656.25,6088000.0
58.31622639899622,4125.0,6092125.0
58.380230464411866,4437.5,6096562.5
58.444234529827526,4687.5,6101250.0
58.50823859524317,4125.0,6105375.0
58.572242660658816,4171.875,6109546.875
58.63624672607446,4343.75,6113890.625
58.700250791490106,3562.5,6117453.125
58.76425485690575,4265.625,6121718.75
58.828258922321396,4359.375,6126078.125
58.892262987737055,4203.125,6130281.25
58.9562670531527,4156.25,6134437.5
59.020271118568346,4218.75,6138656.25
59.08427518398399,4234.375,6142890.625
59.148279249399636,4265.625,6147156.25
59.21228331481528,4468.75,6151625.0
59.27628738023094,4390.625,6156015.625
59.340291445646585,4375.0,6160390.625
59.40429551106223,4531.25,6164921.875
59.468299576477875,4859.375,6169781.25
59.53230364189352,4250.0,6174031.25
59.596307707309165,4218.75,6178250.0
59.66031177272481,3937.5,6182187.5
59.72431583814047,4312.5,6186500.0
59.788319903556115,4421.875,6190921.875
59.85232396897176,4640.625,6195562.5
59.916328034387405,4406.25,6199968.75
59.98033209980305,4125.0,6204093.75
60.044336165218695,4109.375,6208203.125
60.108340230634354,3890.625,6212093.75
60.17234429605,4625.0,6216718.75
60.236348361465645,4078.125,6220796.875
60.30035242688129,3890.625,6224687.5
60.364356492296935,3656.25,6228343.75
60.42836055771258,4468.75,6232812.5
60.492364623128225,4093.75,6236906.25
60.556368688543884,4343.75,6241250.0
60.62037275395953,4046.875,6245296.875
60.684376819375174,4140.625,6249437.5
60.74838088479082,4187.5,6253625.0
60.812384950206464,4359.375,6257984.375
60.87638901562211,4531.25,6262515.625
60.940393081037755,4140.625,6266656.25
61.004397146453414,4234.375,6270890.625
61.06840121186906,4390.625,6275281.25
61.132405277284704,4015.625,6279296.875
61.19640934270035,3984.375,6283281.25
61.260413408115994,3843.75,6287125.0
61.32441747353164,4031.25,6291156.25
61.3884215389473,4171.875,6295328.125
61.45242560436294,4046.875,6299375.0
61.51642966977859,4250.0,6303625.0
61.580433735194234,4000.0,6307625.0
61.64443780060988,4515.625,6312140.625
61.708441866025524,4343.75,6316484.375
61.77244593144117,4250.0,6320734.375
61.83644999685683,4343.75,6325078.125
61.90045406227247,4062.5,6329140.625
61.96445812768812,4000.0,6333140.625
62.02846219310376,4109.375,6337250.0
62.09246625851941,4156.25,6341406.25
62.156470323935054,4453.125,6345859.375
62.22047438935071,4296.875,6350156.25
62.28447845476636,4437.5,6354593.75
62.348482520182,4546.875,6359140.625
62.41248658559765,4375.0,6363515.625
62.47649065101329,4203.125,6367718.75
62.54049471642894,4015.625,6371734.375
62.60449878184458,4812.5,6376546.875
62.66850284726024,3671.875,6380218.75
62.73250691267589,3828.125,6384046.875
62.79651097809153,4265.625,6388312.5
62.86051504350718,3890.625,6392203.125
62.92451910892282,4296.875,6396500.0
62.98852317433847,3812.5,6400312.5
63.05252723975413,4203.125,6404515.625
63.11653130516977,4562.5,6409078.125
63.18053537058542,4718.75,6413796.875
63.24453943600106,4578.125,6418375.0
63.30854350141671,4062.5,6422437.5
63.37254756683235,4500.0,6426937.5
63.436551632248,4359.375,6431296.875
63.50055569766366,4203.125,6435500.0
63.5645597630793,4656.25,6440156.25
63.62856382849495,3937.5,6444093.75
63.69256789391059,4625.0,6448718.75
63.75657195932624,4468.75,6453187.5
63.82057602474188,4328.125,6457515.625
63.88458009015753,4609.375,6462125.0
63.94858415557319,4859.375,6466984.375
64.01258822098883,4265.625,6471250.0
64.07659228640448,4390.625,6475640.625
64.14059635182012,3906.25,6479546.875
64.20460041723577,4906.25,6484453.125
64.26860448265141,4234.375,6488687.5
64.33260854806707,4593.75,6493281.25
64.39661261348272,4187.5,6497468.75
64.46061667889836,4234.375,6501703.125
64.524620744314,3765.625,6505468.75
64.58862480972965,4843.75,6510312.5
64.6526288751453,4718.75,6515031.25
64.71663294056094,3984.375,6519015.625
64.7806370059766,4781.25,6523796.875
64.84464107139225,4218.75,6528015.625
64.90864513680789,4265.625,6532281.25
64.97264920222354,3921.875,6536203.125
65.03665326763918,4546.875,6540750.0
65.10065733305483,3734.375,6544484.375
65.16466139847049,4328.125,6548812.5
65.22866546388613,4343.75,6553156.25
65.29266952930178,3828.125,6556984.375
65.35667359471742,4390.625,6561375.0
65.42067766013307,4093.75,6565468.75
65.48468172554871,4156.25,6569625.0
65.54868579096436,4093.75,6573718.75
65.61268985638002,4218.75,6577937.5
65.67669392179566,4078.125,6582015.625
65.7406979872113,4468.75,6586484.375
65.80470205262695,4000.0,6590484.375
65.8687061180426,4203.125,6594687.5
65.93271018345824,4109.375,6598796.875
65.9967142488739,3796.875,6602593.75
66.06071831428955,4078.125,6606671.875
66.12472237970519,4281.25,6610953.125
66.18872644512084,4187.5,6615140.625
66.25273051053648,4156.25,6619296.875
66.31673457595213,3906.25,6623203.125
66.38073864136777,4734.375,6627937.5
66.44474270678343,4687.5,6632625.0
66.50874677219907,4500.0,6637125.0
66.57275083761472,4078.125,6641203.125
66.63675490303036,4562.5,6645765.625
66.70075896844601,4296.875,6650062.5
66.76476303386166,4734.375,6654796.875
66.82876709927731,4046.875,6658843.75
66.89277116469296,4250.0,6663093.75
66.9567752301086,4375.0,6667468.75
67.02077929552425,3984.375,6671453.125
67.0847833609399,4125.0,6675578.125
67.14878742635554,3796.875,6679375.0
67.21279149177118,4421.875,6683796.875
67.27679555718684,3968.75,6687765.625
67.34079962260249,4531.25,6692296.875
67.40480368801813,4281.25,6696578.125
67.46880775343378,4718.75,6701296.875
67.53281181884942,4187.5,6705484.375
67.59681588426507,4359.375,6709843.75
67.66081994968071,4343.75,6714187.5
67.72482401509637,4546.875,6718734.375
67.78882808051202,4500.0,6723234.375
67.85283214592766,4312.5,6727546.875
67.91683621134331,3656.25,6731203.125
67.98084027675895,4468.75,6735671.875
68.0448443421746,4296.875,6739968.75
68.10884840759026,4093.75,6744062.5
68.1728524730059,4781.25,6748843.75
68.23685653842155,3609.375,6752453.125
68.3008606038372,4312.5,6756765.625
68.36486466925284,4296.875,6761062.5
68.42886873466848,3875.0,6764937.5
68.49287280008413,4046.875,6768984.375
68.55687686549979,4781.25,6773765.625
68.62088093091543,4875.0,6778640.625
68.68488499633108,4031.25,6782671.875
68.74888906174672,4562.5,6787234.375
68.81289312716237,4734.375,6791968.75
68.87689719257801,4000.0,6795968.75
68.94090125799367,4640.625,6800609.375
69.00490532340932,4250.0,6804859.375
69.06890938882496,4296.875,6809156.25
69.13291345424061,4937.5,6814093.75
69.19691751965625,4250.0,6818343.75
69.2609215850719,4687.5,6823031.25
69.32492565048754,4375.0,6827406.25
69.3889297159032,4171.875,6831578.125
69.45293378131885,4156.25,6835734.375
69.51693784673449,4593.75,6840328.125
69.58094191215014,4484.375,6844812.5
69.64494597756578,4375.0,6849187.5
69.70895004298143,3890.625,6853078.125
69.77295410839709,4390.625,6857468.75
69.83695817381273,4453.125,6861921.875
69.90096223922838,3890.625,6865812.5
69.96496630464402,4281.25,6870093.75
70.02897037005967,4609.375,6874703.125
70.09297443547531,4437.5,6879140.625
70.15697850089096,4359.375,6883500.0
70.22098256630662,4250.0,6887750.0
70.28498663172226,3593.75,6891343.75
70.3489906971379,4562.5,6895906.25
70.41299476255355,4812.5,6900718.75
70.4769988279692,4375.0,6905093.75
70.54100289338484,4546.875,6909640.625
70.60500695880049,4234.375,6913875.0
70.66901102421615,4015.625,6917890.625
70.73301508963179,4546.875,6922437.5
70.79701915504744,4203.125,6926640.625
70.86102322046308,3687.5,6930328.125
70.92502728587873,3796.875,6934125.0
70.98903135129437,4125.0,6938250.0
71.05303541671003,4250.0,6942500.0
71.11703948212568,4140.625,6946640.625
71.18104354754132,4515.625,6951156.25
71.24504761295697,4406.25,6955562.5
71.30905167837261,4031.25,6959593.75
71.37305574378826,4671.875,6964265.625
71.4370598092039,4109.375,6968375.0
71.50106387461956,4312.5,6972687.5
71.5650679400352,4265.625,6976953.125
71.62907200545085,3953.125,6980906.25
71.6930760708665,4609.375,6985515.625
71.75708013628214,5015.625,6990531.25
71.82108420169779,3828.125,6994359.375
71.88508826711345,4390.625,6998750.0
71.94909233252909,4687.5,7003437.5
72.01309639794474,4046.875,7007484.375
72.07710046336038,4921.875,7012406.25
72.14110452877603,4171.875,7016578.125
72.20510859419167,4031.25,7020609.375
72.26911265960732,3921.875,7024531.25
72.33311672502298,3906.25,7028437.5
72.39712079043862,4109.375,7032546.875
72.46112485585427,4250.0,7036796.875
72.52512892126991,4187.5,7040984.375
72.58913298668556,4234.375,7045218.75
72.6531370521012,4500.0,7049718.75
72.71714111751686,3640.625,7053359.375
72.7811451829325,4031.25,7057390.625
72.84514924834815,3906.25,7061296.875
72.9091533137638,4312.5,7065609.375
72.97315737917944,4187.5,7069796.875
73.03716144459509,4375.0,7074171.875
73.10116551001073,4390.625,7078562.5
73.16516957542639,4078.125,7082640.625
73.22917364084203,4406.25,7087046.875
73.29317770625768,3843.75,7090890.625
73.35718177167332,4437.5,7095328.125
73.42118583708897,4546.875,7099875.0
73.48518990250462,4296.875,7104171.875
73.54919396792027,3953.125,7108125.0
73.61319803333592,3921.875,7112046.875
73.67720209875156,4390.625,7116437.5
73.74120616416721,4375.0,7120812.5
73.80521022958285,4265.625,7125078.125
73.8692142949985,4171.875,7129250.0
73.93321836041414,4562.5,7133812.5
73.9972224258298,4281.25,7138093.75
74.06122649124545,4093.75,7142187.5
74.1252305566611,3781.25,7145968.75
74.18923462207674,4000.0,7149968.75
74.25323868749238,4328.125,7154296.875
74.31724275290803,3625.0,7157921.875
74.38124681832367,4078.125,7162000.0
74.44525088373933,4203.125,7166203.125
74.50925494915498,4562.5,7170765.625
74.57325901457062,3671.875,7174437.5
74.63726307998627,4546.875,7178984.375
74.70126714540191,4015.625,7183000.0
74.76527121081756,4109.375,7187109.375
74.82927527623322,4468.75,7191578.125
74.89327934164886,4156.25,7195734.375
74.95728340706451,4312.5,7200046.875
75.02128747248015,4406.25,7204453.125
75.0852915378958,4421.875,7208875.0
75.14929560331144,3921.875,7212796.875
75.21329966872709,4890.625,7217687.5
75.27730373414275,4046.875,7221734.375
75.3413077995584,4328.125,7226062.5
75.40531186497404,4812.5,7230875.0
75.46931593038968,3859.375,7234734.375
75.53331999580533,4390.625,7239125.0
75.59732406122097,4437.5,7243562.5
75.66132812663663,4218.75,7247781.25
75.72533219205228,4515.625,7252296.875
75.78933625746792,4625.0,7256921.875
75.85334032288357,4093.75,7261015.625
75.91734438829921,4218.75,7265234.375
75.98134845371486,4125.0,7269359.375
76.0453525191305,4234.375,7273593.75
76.10935658454616,4015.625,7277609.375
76.17336064996181,4375.0,7281984.375
76.23736471537745,4406.25,7286390.625
76.3013687807931,3796.875,7290187.5
76.36537284620874,3859.375,7294046.875
76.42937691162439,4390.625,7298437.5
76.49338097704005,4437.5,7302875.0
76.55738504245569,4687.5,7307562.5
76.62138910787134,4546.875,7312109.375
76.68539317328698,4468.75,7316578.125
76.74939723870263,4343.75,7320921.875
76.81340130411827,4187.5,7325109.375
76.87740536953392,4609.375,7329718.75
76.94140943494958,3656.25,7333375.0
77.00541350036522,3953.125,7337328.125
77.06941756578087,4046.875,7341375.0
77.13342163119651,5046.875,7346421.875
77.19742569661216,4828.125,7351250.0
77.2614297620278,4062.5,7355312.5
77.32543382744345,4765.625,7360078.125
77.3894378928591,4546.875,7364625.0
77.45344195827475,4046.875,7368671.875
77.5174460236904,4484.375,7373156.25
77.58145008910604,3968.75,7377125.0
77.64545415452169,4625.0,7381750.0
77.70945821993733,4218.75,7385968.75
77.77346228535299,4234.375,7390203.125
77.83746635076864,3968.75,7394171.875
77.90147041618428,4265.625,7398437.5
77.96547448159993,4593.75,7403031.25
78.02947854701557,4343.75,7407375.0
78.09348261243122,4281.25,7411656.25
78.15748667784686,4265.625,7415921.875
78.22149074326252,4109.375,7420031.25
78.28549480867817,3921.875,7423953.125
78.34949887409381,4406.25,7428359.375
78.41350293950946,4312.5,7432671.875
78.4775070049251,4828.125,7437500.0
78.54151107034075,4062.5,7441562.5
78.6055151357564,4234.375,7445796.875
78.66951920117205,4781.25,7450578.125
78.7335232665877,4421.875,7455000.0
78.79752733200334,4250.0,7459250.0
78.86153139741899,4296.875,7463546.875
78.92553546283463,4625.0,7468171.875
78.98953952825028,4015.625,7472187.5
79.05354359366594,3937.5,7476125.0
79.11754765908158,3921.875,7480046.875
79.18155172449723,4250.0,7484296.875
79.24555578991287,3921.875,7488218.75
79.30955985532852,4265.625,7492484.375
79.37356392074416,4453.125,7496937.5
79.43756798615982,4250.0,7501187.5
79.50157205157547,4875.0,7506062.5
79.56557611699111,3796.875,7509859.375
79.62958018240676,4562.5,7514421.875
79.6935842478224,4234.375,7518656.25
79.75758831323805,4453.125,7523109.375
79.82159237865369,4187.5,7527296.875
79.88559644406935,4609.375,7531906.25
79.949600509485,4218.75,7536125.0
